rank,docstoc_upload_count,template_family,example_original_slug
1,198,employment agreement,EMPLOYMENT-AGREEMENT
2,194,executive summary,Executive-Summary
3,171,power of attorney,Power-------of-Attorney-Example
4,162,press release,Press-Release-Template
5,157,cover letter,Cover-Letter
6,150,business plan,Business-Plan
7,129,for immediate release,FOR-IMMEDIATE-RELEASE
8,113,resume,Resume-Template
9,106,letter of intent,sample_letter_of_intent
10,106,annual report,2007-Annual-Report
11,95,project proposal,project_proposal
12,89,application form,Application-Form
13,88,news release,NEWS-RELEASE
14,83,marketing plan,Marketing-plan-template-1
15,83,request for proposal,REQUEST-FOR-PROPOSAL
16,81,credit agreement,Credit-Agreement---LAS-VEGAS-SANDS-CORP---11-9-2011
17,80,memorandum of understanding,Memorandum-of-Understanding-Template-2012
18,59,employee handbook,employee-handbook-2008
19,58,application for employment,APPLICATION-FOR-EMPLOYMENT
20,57,promissory note,Sample-Promissory-Note
21,56,privacy policy,Sample-privacy-policy
22,56,invoice,invoice_template
23,56,job application form,Sample-Job-Application-Form
24,55,registration form,REGISTRATION_FORM
25,54,confidentiality agreement,Confidentiality-Agreement
26,49,partnership agreement,Partnership-Agreement
27,49,rental agreement,Rental-Agreement
28,49,sales letter,SALES-LETTER
29,48,consulting agreement,consulting-agreement
30,45,lease agreement,LEASE-AGREEMENT
31,44,non disclosure agreement,Non-Disclosure-Agreement
32,43,thank you letter,Thank-you-Letter
33,41,loan agreement,Sample-Loan-Agreement
34,40,deferred compensation plan,Deferred-Compensation-Plan---ADVANCE-AUTO-PARTS-INC---2-25-2013
35,39,mission statement,MISSION-STATEMENT
36,39,request for proposals,REQUEST-FOR-PROPOSALS---DOC-5
37,39,asset purchase agreement,Sample---Asset-Purchase-Agreement
38,38,job application,JOB-APPLICATION
39,38,research proposal,Research-Proposal_3_
40,38,resignation letter,Resignation-Letter
41,37,statement of purpose,Statement-of-purpose-sample
42,37,purchase order,Purchase-Order
43,37,stock purchase agreement,Stock-Purchase-Agreement---AMERICAN-CAPITAL-MORTGAGE-INVESTMENT----11-14-2011
44,37,independent contractor agreement,Independent-Contractor-Agreement
45,36,order form,order-form
46,36,letter of invitation,Letter-of-invitation
47,36,supplemental executive retirement plan,Supplemental-Executive-Retirement-Plan---CONVERGYS-CORP---2-23-2012
48,36,executive employment agreement,Executive-Employment-Agreement---M-&-F-WORLDWIDE-CORP---3-27-2000
49,35,material change report,Material-Change-Report---CARDERO-RESOURCE----2-2-2012
50,35,change in control agreement,Change-In-Control-Agreement---CVS-CAREMARK-CORP---2-17-2012
51,34,professional resume,Professional-Resume
52,33,autocad manual tutorial (),Autocad-2007-manual-tutorial-(2)
53,33,purchase and sale agreement,Purchase-and-Sale-Agreement
54,33,bylaws,SAMPLE-BYLAWS
55,33,stock option plan,Stock-Option-Plan---AUTONATION-INC---3-31-1999
56,32,invitation letter,Invitation-Letter
57,32,project plan,PROJECT-PLAN
58,32,strategic plan,Strategic-Plan
59,32,stock option agreement,Stock-Option-Agreement
60,32,irs individual forms form,2004-IRS-Individual-Forms-Form-1045
61,31,appointment letter,SAMPLE-APPOINTMENT-LETTER
62,31,meeting minutes,Meeting-Minutes
63,30,articles of incorporation,Articles_of_Incorporation
64,30,employment application,Employment-Application
65,30,sponsorship proposal,Sponsorship-Proposal
66,29,request for quotation,Request-for-Quotation
67,29,joint venture agreement,Joint-Venture-Agreement-template
68,29,contract,sample-contract
69,29,purchase agreement,PURCHASE-AGREEMENT
70,28,scarlet letter,The-Scarlet-Letter---DOC-2
71,28,license agreement,License-Agreement---AMERICAN-CAPITAL-MORTGAGE-INVESTMENT----11-14-2011
72,27,action plan,Sample_Action_plan
73,27,fax cover sheet,Fax-cover-sheet-sample
74,27,project report,Project_Report
75,27,business plan for a startup business,Business-Plan-for-a-Startup-Business
76,27,irs business forms form,2004-IRS-Business-Forms-Form-940
77,26,business proposal,Free-Business-Proposal-Template
78,26,rental application,RENTAL-APPLICATION
79,25,instructions for form,Instructions-for-Form-8918
80,25,certificate of completion,Certificate-of-Completion
81,25,terms of reference,Terms-of-Reference
82,25,stock incentive plan,2010-Stock-Incentive-Plan---WARREN-RESOURCES-INC---11-7-2012
83,24,grant proposal,grant_proposal
84,24,statement of work,STATEMENT-OF-WORK
85,24,certificate of incorporation,Certificate-of-Incorporation
86,24,sponsorship letter,Sample-Sponsorship-Letter
87,23,project status report,project-status-report-sample
88,23,training manual,TRAINING-MANUAL
89,23,registration rights agreement,Registration-Rights-Agreement---AMERICAN-CAPITAL-MORTGAGE-INVESTMENT----11-14-2011
90,23,letter of recommendation,Sample-Letter-of-Recommendation-1
91,23,proposal kegiatan,PROPOSAL-KEGIATAN
92,23,letter of agreement,Sample-Letter-of-Agreement
93,23,meeting agenda,Meeting-Agenda
94,23,professional memo,Professional-Memo
95,23,"arizona water supply outlook report as of april ,","ARIZONA-Water-Supply-Outlook-Report-as-of-April-1,-1995"
96,23,mobile application development,Mobile-Application-Development
97,23,amended and restated employment agreement,2012-Amended-And-Restated-Employment-Agreement---ELAN-CORP-PLC---5-1-2012
98,23,certificate of amendment certificate of incorporation,Certificate-Of-Amendment-Certificate-Of-Incorporation---BJ-SERVICES-CO---12-20-1999
99,22,income statement,Income-Statement
100,22,expense report,Expense-Report-Template
101,22,offer letter,Offer-Letter
102,22,startup business plan,Startup-Business-Plan
103,22,aeg santo i santo i (pnc ) manual,AEG---Santo-2302-I---Santo-2302-I---(PNC-621371109)---Manual
104,21,informed consent,informed-consent
105,21,cash flow statement,CASH-FLOW-STATEMENT
106,21,memo,memo-template
107,21,media release,Media-Release
108,21,medical release form,Sample-Medical-Release-Form
109,21,covering letter,Covering-letter
110,20,my resume,My-Resume
111,20,resume writing,RESUME_WRITING_2010
112,20,commercial invoice,Commercial_Invoice
113,20,personal statement,_PERSONAL-STATEMENT_
114,20,summary of qualifications,SUMMARY-OF-QUALIFICATIONS
115,20,amendment to employment agreement,Amendment-To-Employment-Agreement---JIN-JIE----1-3-2012
116,20,separation agreement,Separation-Agreement---OFFICE-DEPOT-INC---2-28-2012
117,20,indemnification agreement,Indemnification-Agreement---HandR-BLOCK-INC---3-7-2012
118,20,security agreement,Security-Agreement---HALLWOOD-GROUP-INC---5-15-2012
119,20,standard handbook for civil engineers part,Standard-Handbook-for-Civil-Engineers-Part-01
120,20,irs administrative forms form,2005-IRS-Administrative-Forms-Form-8822
121,20,aeg santo kg santo kg (pnc ) manual,AEG---Santo-3110-KG---Santo-3110-KG---(PNC-621570008)---Manual
122,19,deed of trust,DEED-OF-TRUST
123,19,final report,Final-Report
124,19,letter of offer,Sample-letter-of-Offer
125,19,letter for general purpose,Letter-for-General-Purpose6
126,19,employment application form,Sample-Employment-Application-Form---DOC-1
127,19,plan de trabajo,PLAN-DE-TRABAJO-2010-2012
128,19,credit card authorization form,Credit-Card-Authorization-Form
129,19,photo release form,Photo-Release-Form
130,19,proposal for,Proposal-for
131,19,compensation plan,Compensation-Plan
132,19,lock up agreement,A-Lock-Up-Agreement
133,19,restated certificate of incorporation,Restated-Certificate-Of-Incorporation---CABOT-CORP---2-9-2006
134,18,lab report,Lab-Report-1
135,18,proposal penelitian,Proposal-Penelitian
136,18,mutual non disclosure agreement,MUTUAL-NON-DISCLOSURE-AGREEMENT
137,18,chart form print a pdf%b%d,chart-form-Print-a-pdf%255B373%255D
138,18,ing investors trust,ING-INVESTORS-TRUST---Notes-to-Mutual-Funds-Financial-Statements---3-10-2006
139,17,newsletter,NEWSLETTER-TEMPLATE
140,17,project charter,Project-Charter
141,17,software license agreement,SOFTWARE-LICENSE-AGREEMENT-TEMPLATE-11
142,17,hold harmless agreement,Hold-Harmless-Agreement
143,17,employment contract,employment-contract
144,17,performance improvement plan,Performance-Improvement-Plan
145,17,car loan,Car-Loan
146,17,letter of authorization,LETTER-OF-AUTHORIZATION
147,17,cover letters,Cover-Letters
148,17,cv format,CV-Format
149,17,rent receipt,Free-Rent-Receipt-Template
150,17,monthly report,Monthly_Report
151,17,severance agreement,Severance-Agreement---SHERWIN-WILLIAMS-CO---2-23-2012
152,17,certificate of amendment,Certificate-Of-Amendment---PPL-CORP---2-28-2012
153,17,letter of resignation,Letter-of-Resignation
154,17,loan and security agreement,Loan-And-Security-Agreement---CONNS-INC---4-12-2012
155,17,fidelity puritan trust,FIDELITY-PURITAN-TRUST---Notes-to-Mutual-Funds-Financial-Statements---9-19-1994
156,16,booking form,Booking-Form
157,16,market research report,Market_Research_Report_Template
158,16,supply and demand,Supply-and-Demand
159,16,credit card debt settlement,Credit-Card-Debt-Settlement
160,16,resume wizard,Resume-Wizard
161,16,request for quote,Request-For-Quote
162,16,operations manual,5100-Operations-Manual
163,16,escrow agreement,Escrow-Agreement
164,16,users manual,Users-Manual
165,16,student handbook,student_handbook
166,16,professional letter,Professional-Letter
167,16,irs instructions for form,IRS-Instructions-for-Form-8283
168,16,payment plan,Payment-Plan
169,16,contract no,Contract-No
170,16,budget planner,Budget-Planner
171,16,please note,PLEASE-NOTE
172,16,proforma invoice,proforma-invoice
173,16,demand letter,Demand-Letter
174,16,proposal no,Proposal-No
175,16,property condition report,Property-Condition-Report
176,16,conflict of interest policy,CONFLICT-OF-INTEREST-POLICY
177,16,settlement agreement,SETTLEMENT-AGREEMENT
178,16,letter of credit,Letter-of-Credit
179,16,employee stock purchase plan,Employee-Stock-Purchase-Plan
180,16,purchase order form,Purchase-Order-Form
181,16,consulting services agreement,Consulting-Services-Agreement
182,16,vendor application,Vendor-Application
183,16,wedding checklist,The-Wedding-Checklist
184,16,technical sales resume,Technical-Sales-Resume
185,16,mobile guide issue facebook,Mobile-Guide-Issue-_75_--facebook
186,16,weekly market summary,weekly-market-summary-_2008_0613
187,16,apdpip endterm report and tables,apdpip_endterm_report_and_tables00001
188,15,cover sheet,A-COVER-SHEET
189,15,personal information form,PERSONAL-INFORMATION-FORM
190,15,franchise agreement,FRANCHISE-AGREEMENT
191,15,fee schedule,FEE-SchEdulE
192,15,fiscal policy,Fiscal-Policy
193,15,xxxxxxxxxxxxxxxx press release xxxxxxxxxxxxxxx,XXXXXXXXXXXXXXXX-PRESS-RELEASE-XXXXXXXXXXXXXXX
194,15,welcome letter,Welcome_Letter
195,15,management agreement,Management-Agreement---AMERICAN-CAPITAL-MORTGAGE-INVESTMENT----11-14-2011
196,15,health history form,Health-History-Form
197,15,mandatory disclosure,MANDATORY-DISCLOSURE
198,15,general power of attorney,General-Power-of-attorney
199,15,consignment agreement,CONSIGNMENT-AGREEMENT
200,15,vision statement,Vision-Statement
201,15,business continuity plan,Business-Continuity-Plan
202,15,expert guide to pursuing wealth,Expert-guide-to-Pursuing-wealth
203,15,communication plan,Communication-Plan
204,15,suzuki gsx r service repair manual,Suzuki_Gsx-R600_2008-2010_Service_Repair_Manual
205,15,receivables purchase agreement,Receivables-Purchase-Agreement---CONSOL-ENERGY-INC---4-30-2012
206,15,long term incentive plan,Long-term-Incentive-Plan---EQT-CORP---7-26-2012
207,15,web developer resume,Web-Developer-Resume
208,14,mortgage calculator,Mortgage-Calculator
209,14,purchase structured settlement,Purchase-Structured-Settlement1
210,14,unconfirmed minutes,Unconfirmed-Minutes
211,14,template,sample-template
212,14,letterhead,Letterhead-Template
213,14,test plan,test_plan_example
214,14,credit application,CREDIT-APPLICATION
215,14,personal financial statement,Personal_Financial_Statement
216,14,revolving credit agreement,Revolving-Credit-Agreement---AXION-INTERNATIONAL-HOLDINGS----11-14-2011
217,14,last will and testament,Last-Will-And-Testament
218,14,operating agreement,Operating-Agreement---PEOPLES-LIBERATION-INC---11-21-2011
219,14,project management plan,Project-Management-Plan
220,14,method statement,METHOD-STATEMENT---DOC
221,14,front cover,Front-Cover
222,14,service agreement,SERVICE-AGREEMENT
223,14,residential lease,RESIDENTIAL-LEASE
224,14,fair employment tribunal,FAIR-EMPLOYMENT-TRIBUNAL
225,14,full report,Full-Report
226,14,executive deferred compensation plan,2005-Executive-Deferred-Compensation-Plan---HEWLETT-PACKARD-CO---12-14-2011
227,14,memorandum for bureau procurement chiefs,Memorandum-For-Bureau-Procurement-Chiefs
228,14,daily equity report,DAILY-EQUITY-REPORT
229,14,collection letter,Collection-Letter-1
230,14,gpp change request,3GPP-Change-Request---DOC
231,14,district of columbia cleanhands form,District-of-Columbia-CleanHands_Form
232,14,contract of employment,Contract-of-Employment-Template
233,14,mazda mpv service repair manual,Mazda_Mpv_2003-2006_Service_Repair_Manual
234,14,yamaha ttr service repair manual,Yamaha_TTR_125_2002_Service_Repair_Manual
235,14,incident report,Incident-Report
236,14,subscription agreement,Subscription-Agreement
237,14,packing list,Packing-List
238,14,status report,Status-Report
239,13,scholarship application,Scholarship-Application
240,13,sublease agreement,Sublease-Agreement
241,13,agenda,Agenda-Template
242,13,cash management bills (cmb) for immediate release september[],Cash-Management-Bills-(CMB)-For-Immediate-Release-September[925]
243,13,shareholders agreement,Shareholders-Agreement
244,13,rma form,RMA-FORM
245,13,confirmation letter,Confirmation-Letter-Sample
246,13,risk management plan,Risk-Management-Plan
247,13,resource guide,Resource-Guide
248,13,software requirements specification,Software-Requirements-Specification-Template
249,13,service manual,Service-Manual
250,13,distribution agreement,Distribution-Agreement
251,13,residential lease agreement,Residential-Lease-Agreement
252,13,operational plan,OPERATIONAL-PLAN
253,13,letters of recommendation,Letters-of-Recommendation
254,13,business letter,Free-Business-Letter-Sample
255,13,forecast,forecast_template
256,13,unit plan,Unit-Plan
257,13,authorization letter,Authorization-Letter
258,13,letter of reference,Letter-of-reference
259,13,donation letter,DONATION_LETTER
260,13,manual de procedimientos,Manual-de-procedimientos
261,13,letter to parents,Sample-Letter-to-Parents
262,13,securities purchase agreement,Securities-Purchase-Agreement---EMTEC-INCNJ---12-14-2011
263,13,recommendation letter,Recommendation-Letter
264,13,how to write a resume,How-to-Write-a-Resume
265,13,sponsorship contract,SPONSORSHIP-CONTRACT
266,13,pro forma invoice,Pro_forma_invoice
267,13,certificate of origin,Certificate-of-Origin-Template
268,13,case study,Case-Study-Template
269,13,jisc project plan,JISC-Project-Plan-Template
270,13,progress report,Progress-Report
271,13,job description,Sample-job-description-template
272,13,termination agreement,Termination-Agreement
273,13,daily equity report by global mount money,DAILY-EQUITY-REPORT-BY-GLOBAL-MOUNT-MONEY-22-10-2012
274,13,report of voting results,Report-Of-Voting-Results---TRANSCANADA-CORP---4-30-2013
275,13,contoh proposal bisnis mikro dan kecil,Contoh-Proposal-Bisnis-Mikro-dan-Kecil
276,12,letter of inquiry,Letter-of-Inquiry
277,12,form w,Form-W-4
278,12,internal memo,Internal-Memo
279,12,application letter,APPLICATION-letter
280,12,convertible promissory note,Convertible-Promissory-Note
281,12,website privacy policy,Website_Privacy_Policy
282,12,letter of appointment,Letter-of-Appointment
283,12,medical certificate,medical_certificate
284,12,legal resume,THE-LEGAL-RESUME
285,12,agreement between,Agreement-between
286,12,quitclaim deed,Quitclaim-Deed
287,12,brownsville independent school district,Brownsville-Independent-School-District
288,12,waiver of liability,Waiver-of-Liability
289,12,fiscal note document,Fiscal-Note-Document
290,12,project budget,Project-Budget
291,12,travel guide,Travel-guide
292,12,personal loan,Personal-Loan
293,12,application acknowledgement,Application-Acknowledgement
294,12,feasibility report,Feasibility-Report
295,12,form no,FORM-NO
296,12,weekly schedule,WEEKLY-SCHEDULE
297,12,certificate of analysis,CERTIFICATE-OF-ANALYSIS
298,12,request for proposal (rfp),Request-for-Proposal-(RFP)
299,12,referral form,Referral-Form---DOC
300,12,letter of interest,Letter-of-Interest
301,12,dog adoption application,dog-adoption-application
302,12,reference letter,Reference-Letter---DOC
303,12,ford fiesta mk service repair manual,Ford_Fiesta_Mk2_1983-1989_Service_Repair_Manual
304,12,reverse mortgage,The-reverse-mortgage
305,12,loan contract,Loan-contract
306,12,services agreement,SERVICES-AGREEMENT
307,12,vendor finance,Vendor-finance
308,12,event planning worksheet,event-planning-worksheet
309,12,alliancebernstein trust,ALLIANCEBERNSTEIN-TRUST---Notes-to-Mutual-Funds-Financial-Statements---2-5-2003
310,11,commitment letter,commitment-letter
311,11,sponsorship agreement,sponsorship-agreement
312,11,professional services agreement,Professional-Services-Agreement
313,11,imf annual report file of,IMF-Annual-Report-2000--file-1-of-6
314,11,construction loan agreement,Construction-Loan-Agreement---EMERGENT-BIOSOLUTIONS----11-4-2011
315,11,resume of,Resume-of
316,11,instruction manual,Instruction-Manual
317,11,minutes of meeting,Minutes-of-Meeting
318,11,letter to customer,Letter-to-Customer10
319,11,inception report,INCEPTION-REPORT
320,11,assured shorthold tenancy agreement,ASSURED-SHORTHOLD-TENANCY-AGREEMENT
321,11,blank,Blank-Template
322,11,service invoice,Service-Invoice
323,11,medical history form,Medical-History-Form
324,11,general release,GENERAL-RELEASE
325,11,service level agreement,SERVICE-LEVEL-AGREEMENT
326,11,report writing,Report-Writing
327,11,employment opportunities,Employment-Opportunities
328,11,reference list,Reference-List
329,11,quit claim deed,QUIT-CLAIM-DEED
330,11,membership form,Sample_membership_form
331,11,constitution,THE-CONSTITUTION
332,11,hardship letter,SAMPLE-HARDSHIP-LETTER
333,11,mail order form,mail-order-form
334,11,engagement letter,Engagement_Letter
335,11,daily report,DAILY-REPORT
336,11,performance report,Performance-Report
337,11,nondisclosure agreement,SAMPLE-NONDISCLOSURE-AGREEMENT
338,11,construction contract,CONSTRUCTION-CONTRACT
339,11,prospectus ag mortgage investment trust,Prospectus-AG-MORTGAGE-INVESTMENT-TRUST----1-20-2012
340,11,offer to purchase,OFFER-TO-PURCHASE
341,11,financial statement,Financial-statement
342,11,due diligence checklist,DUE-DILIGENCE-CHECKLIST
343,11,storyboard,storyboard_template
344,11,cleaning schedule,Cleaning-Schedule
345,11,website proposal,Sample_Website_Proposal
346,11,consultant agreement,CONSULTANT-AGREEMENT
347,11,job description form,JOB-DESCRIPTION-FORM
348,11,kentucky department of revenue annual report,Kentucky-Department-of-Revenue-Annual-Report-2003-2004
349,11,employment law,EMPLOYMENT-LAW
350,11,facilitators guide,Facilitators-Guide
351,11,how to write a lab report,How-to-write-a-lab-report
352,11,instructions for form internal revenue service,Instructions-for-Form-Internal-Revenue-Service
353,11,individual income taxes form [],Individual-Income-Taxes-Form-1914[72]
354,11,amended and restated credit agreement,Amended-And-Restated-Credit-Agreement
355,11,electric power generation,Electric-Power-Generation3
356,10,concept note,Concept-note
357,10,certification of interim filings full certificate,Certification-Of-Interim-Filings-Full-Certificate---UR-ENERGY-INC---10-25-2011
358,10,risk assessment,Risk-Assessment-Template
359,10,budget spreadsheet,Budget-Spreadsheet-Template
360,10,monetary and financial statistics manual september,Monetary-and-Financial-Statistics-Manual--September-2000
361,10,school policy for pshe and citizenship(),School-Policy-for-PSHE-and-Citizenship(5)
362,10,technical report,sample_technical_report
363,10,inspection checklist,Inspection-Checklist
364,10,sponsor form,Sponsor-Form
365,10,certificate of insurance,Certificate-of-Insurance
366,10,membership application,Membership-Application
367,10,assignment and assumption agreement,Assignment-And-Assumption-Agreement---GENWORTH-FINANCIAL-INC---11-7-2011
368,10,release and waiver of liability,Release-and-Waiver-of-Liability
369,10,business case,Business-Case-Template
370,10,service contract,service_contract
371,10,sales contract,SALES-CONTRACT
372,10,sales representative agreement,Sales-Representative-Agreement
373,10,ccr,CCR-Template
374,10,master agreement,Master-Agreement---GENESIS-GROUP-HOLDINGS-INC---11-16-2011
375,10,llc operating agreement,LLC-Operating-Agreement
376,10,resume format,sample-Resume-Format
377,10,budget worksheet,Budget-Worksheet
378,10,warranty deed,Warranty-Deed
379,10,termination letter,Sample-Termination-Letter
380,10,assignment agreement,Sample-Assignment-Agreement
381,10,stratejik plan,Stratejik-Plan
382,10,client worksheet,The-Client-Worksheet
383,10,operation manual,Operation-Manual
384,10,profit and loss statement,PROFIT-AND-LOSS-STATEMENT
385,10,retainer agreement,retainer-agreement
386,10,volunteer application,Volunteer-Application
387,10,entry form,Entry-Form-2010
388,10,somerset county court of common pleas daily court schedule,SOMERSET-COUNTY-COURT-OF-COMMON-PLEAS-DAILY-COURT-SCHEDULE---DOC-8
389,10,request for information,Request-for-Information
390,10,certificate of appreciation,Certificate-of-Appreciation
391,10,parent handbook,Parent-Handbook
392,10,travel request form,Travel-Request-Form
393,10,buyers guide,Buyers-Guide
394,10,resume templates,Resume-Templates
395,10,personal development plan,personal-development-plan-template
396,10,letter head,LETTER-HEAD
397,10,permit statistical report excel,Permit-Statistical-Report---Excel-4
398,10,proposal skripsi,proposal-skripsi
399,10,certificate of service,CERTIFICATE-OF-SERVICE
400,10,committee report,Committee-Report-_1
401,10,model contract,MODEL-CONTRACT
402,10,commission agreement,Commission-Agreement
403,10,memorandum of agreement,MEMORANDUM-OF-AGREEMENT
404,10,home loan,Home-Loan
405,10,restricted stock agreement,Restricted-Stock-Agreement---UMPQUA-HOLDINGS-CORP---5-4-2012
406,10,payday loan,payday-loan_2_
407,10,business plan for startup business,Business-Plan-for-Startup-Business
408,10,client information form,Client-Information-Form
409,10,teachers guide,Teachers-Guide
410,10,dealer application,dealer-application
411,10,birth certificate,The-birth-certificate
412,10,affiliate agreement,affiliate-agreement
413,10,student application form,Student-Application-form
414,10,operations manager resume,Operations-Manager-resume
415,10,resume cover letter,Resume-Cover-Letter-Template
416,10,amended and restated bylaws,AMENDED-AND-RESTATED-BYLAWS
417,10,sales resume,Sales-Resume
418,10,project manager resume,Project-Manager-Resume
419,10,participation agreement,Participation-Agreement---CONTANGO-OIL-and-GAS-CO---8-29-2012
420,10,action plan on baffacos,Action-Plan-on-Baffacos00016
421,10,zoning regulations and master plan gos,Zoning-Regulations-and-Master-Plan-GOs00040
422,10,promissory note extension agreement,Promissory-Note-Extension-Agreement---GUARDIAN-8-HOLDINGS---5-15-2013
423,10,transvaginal mesh warning vaginal mesh lawsuits tvmcom,Transvaginal-Mesh-Warning---Vaginal-Mesh-Lawsuits-TVM123com
424,10,business presentation,Business-Presentation-template
425,9,manual de funciones,MANUAL_DE_FUNCIONES
426,9,event schedule,Event-Schedule
427,9,europass cv,Europass-CV
428,9,prospectus america movil sab de cv,Prospectus-AMERICA-MOVIL-SAB-DE-CV---10-24-2011
429,9,tax invoice,Tax-Invoice-Template
430,9,handbook,DOWNLOAD-HANDBOOK
431,9,trademark license agreement,Trademark-License-Agreement
432,9,seo report,SEO-Report
433,9,declaration of independence,The-Declaration-of-Independence
434,9,quarterly report,Quarterly-Report-Template
435,9,donation form,Donation-form
436,9,proposal format,Proposal-format
437,9,memorandum of consideration,MEMORANDUM-OF-CONSIDERATION
438,9,character reference letter,Character-Reference-Letter
439,9,underwriting agreement,Underwriting-Agreement---BHP-BILLITON-PLC---11-18-2011
440,9,end user license agreement,End-User-License-Agreement
441,9,general partnership agreement,Free-General-Partnership-Agreement
442,9,how to write a business plan,HOW-TO-WRITE-A-BUSINESS-PLAN
443,9,project summary,Project-Summary
444,9,staff handbook,STAFF-HANDBOOK
445,9,real estate purchase contract,Real-Estate-Purchase-Contract
446,9,policy statement,POLICY-STATEMENT
447,9,professional report,Professional-Report
448,9,customer information form,Customer_Information_Form
449,9,web application security,Web-Application-Security
450,9,solar power,solar_power
451,9,interoffice memo,Interoffice-Memo
452,9,weed and seed implementaion manual,Weed-and-Seed-Implementaion-Manual
453,9,introduction letter,Introduction-letter-2009
454,9,parental consent form,parental-consent-form
455,9,certificate,Free-Certificate-Template
456,9,cv template,CV-Template-_-Example
457,9,risk assessment form,Sample-Risk-Assessment-Form
458,9,consignment contract,Consignment-Contract
459,9,application forms,Application_Forms
460,9,users guide,Users-Guide
461,9,application for admission,2012-2013-Application-for-admission
462,9,cv resume,CV-Resume
463,9,california contractors license,California-Contractors-License-2
464,9,fee agreement,Fee-Agreement
465,9,lease,Lease-Template
466,9,limited partnership agreement,Limited-Partnership-Agreement---FIRST-INDUSTRIAL-REALTY-TRUST-INC---2-29-2012
467,9,exhibitor order forms,Exhibitor-Order-Forms-2007
468,9,short term plan,Short-term-plan-template
469,9,massey ferguson mf tractor parts manual m pdf,MASSEY_FERGUSON_MF_2205_TRACTOR_PARTS_MANUAL_3541958M1_pdf
470,9,experience certificate,EXPERIENCE-CERTIFICATE
471,9,usa invasion prophecy collection,USA-Invasion-Prophecy-Collection
472,9,warrant to purchase common stock,Warrant-to-Purchase-Common-Stock
473,9,deed of sale,deed-of-sale
474,9,business plan presentation,Sample-Business-Plan-Presentation
475,9,acknowledgment of receipt of cobra notice,ACKNOWLEDGMENT-OF-RECEIPT-OF-COBRA-NOTICE
476,9,quick reference,Quick-Reference
477,9,business plan for an established business,Business-Plan-for-an-Established-Business
478,9,important notice the depository trust company,Important-Notice-The-Depository-Trust-Company
479,9,payment request,PAYMENT-REQUEST
480,9,price negotiation memorandum,PRICE-NEGOTIATION-MEMORANDUM
481,9,teacher resume,Teacher-Resume
482,9,my cv,MY-CV
483,9,rdoc lee county clerk of court minutes,050107Rdoc---Lee-County-Clerk-Of-Court---Minutes
484,9,note guitar classic,note-guitar-classic
485,8,mutual nda,MUTUAL-NDA
486,8,survival guide,SURVIVAL-GUIDE
487,8,exhibitor manual,Exhibitor_manual
488,8,cleaning checklist,cleaning-checklist
489,8,bylaws of,BYLAWS-OF
490,8,sponsorship request letter,Sponsorship-Request-Letter
491,8,interim report,interim-report
492,8,arbitration agreement,Arbitration-Agreement
493,8,poster,Poster-Template
494,8,cv eng,cv-eng---DOC
495,8,ucpb annual report,UCPB-Annual-Report-2005-2006
496,8,advertising contract,ADVERTISING-CONTRACT
497,8,service request form,Service-Request-Form
498,8,funding proposal,Funding-proposal
499,8,catering order form,2011-Catering-Order-Form
500,8,motivation letter,Motivation-letter
501,8,functional resume,FUNCTIONAL-RESUME-EXAMPLE
502,8,amendment no,AMENDMENT-NO
503,8,procedural guide,Procedural-Guide
504,8,liability release form,Liability-Release-Form-Template
505,8,donation thank you letter,Donation-Thank-You-Letter
506,8,memorandum of association,Memorandum-of-Association
507,8,irs form w,IRS-Form-W-2---2012
508,8,finders fee agreement,Finders-Fee-Agreement
509,8,nursing care plan,Nursing-Care-Plan---DOC-10
510,8,general risk assessment form,General-Risk-Assessment-Form
511,8,wholesale order form,Wholesale-Order-Form
512,8,loan modification agreement,LOAN-MODIFICATION-AGREEMENT
513,8,puppy contract,PUPPY-CONTRACT
514,8,default normal,Default-Normal-Template
515,8,company report,Company-report
516,8,website design contract,Website-Design-Contract
517,8,goal setting worksheet,Goal-Setting-WorkSheet
518,8,parent letter,SAMPLE-PARENT-LETTER
519,8,solicitation letter,solicitation-letter-4
520,8,draft guide,draft-guide
521,8,nomination form,Nomination-Form
522,8,supply agreement,SUPPLY-AGREEMENT
523,8,coaching agreement,COACHING-AGREEMENT
524,8,sales agreement,Sales-Agreement
525,8,contract agreement,Contract-Agreement
526,8,buy sell agreement,Buy-Sell-Agreement
527,8,loan calculator,Loan-Calculator
528,8,meeting schedule,2012-Meeting-Schedule
529,8,day notice to vacate,30-Day-Notice-To-Vacate
530,8,apartment rental application,Apartment-Rental-Application
531,8,curriculum map,Curriculum-map-template
532,8,agency agreement,Agency-Agreement
533,8,mortgage rates,Mortgage-Rates
534,8,employment verification,employment-verification
535,8,insurance policy,insurance-policy
536,8,office lease,Office-Lease---ENCORE-CAPITAL-GROUP-INC---2-9-2012
537,8,collaboration agreement,COLLABORATION-AGREEMENT
538,8,cease and desist letter,Cease-and-Desist-Letter
539,8,feedback form,Feedback_Form
540,8,hl project scope statement,HL7-Project-Scope-Statement
541,8,special power of attorney,SPECIAL-POWER-OF-ATTORNEY
542,8,five year credit agreement,Five-year-Credit-Agreement---PINNACLE-WEST-CAPITAL-CORP---2-24-2012
543,8,brochure,Brochure-Template
544,8,white paper,White-Paper-Template
545,8,seo contract agreement,SEO-Contract-Agreement
546,8,toyota sequoia service repair manual,Toyota_Sequoia_2001-2007_Service_Repair_Manual
547,8,kia sportage service repair manual,Kia_Sportage_1995-2003_Service_Repair_Manual
548,8,honda gl goldwing service repair manual,Honda_Gl1000_Goldwing_1975-1979_Service_Repair_Manual
549,8,johnson evinrude outboard motor hp service repair manual,Johnson_Evinrude_Outboard_Motor_1-35hp_1965-1978_Service_Repair_Manual
550,8,toyota camry service repair manual,Toyota_Camry_1992-1996_Service_Repair_Manual
551,8,communications plan,Communications-Plan-Template
552,8,affiliate program agreement,Affiliate-Program-Agreement
553,8,prenuptial agreement,Prenuptial-Agreement
554,8,sale agreement,sale-agreement
555,8,agreement agreement for professional services,Agreement-Agreement-for-Professional-Services
556,8,limited power of attorney,LIMITED-POWER-OF-ATTORNEY
557,8,det template plant risk assessment,DET-Template-Plant-Risk-Assessment
558,8,performance appraisal form,Performance-Appraisal-Form
559,8,restricted stock award agreement,2012-Restricted-Stock-Award-Agreement---OFFICE-DEPOT-INC---5-1-2012
560,8,daily schedule,Daily-Schedule
561,8,financial plan,Financial-Plan
562,8,subordination agreement,Subordination-Agreement---BLUE-DOLPHIN-ENERGY-CO---5-21-2012
563,8,commercial lease,COMMERCIAL-LEASE
564,8,cv english,CV-English
565,8,letter of introduction,LETTER-OF-INTRODUCTION
566,8,it director resume,IT-Director-Resume
567,8,hotel registration form,Hotel-Registration-Form
568,8,application for,Application-for
569,8,wedding program sample,Wedding-Program-Sample-Template
570,8,press release format kuka systems,Press-release-format-KUKA-Systems
571,8,third amendment to credit agreement,Third-Amendment-To-Credit-Agreement---ONLINE-RESOURCES-CORP---11-8-2012
572,8,iras retirement plans and exempt organizations form [],IRAs-Retirement-Plans-and-Exempt-Organizations-Form-5303[930]
573,8,transition services agreement,Transition-Services-Agreement---SUPERVALU-INC---1-25-2013
574,8,aeg favorit i favorit i (pnc ) manual,AEG---Favorit-865-I---Favorit-865-I---(PNC-606383108)---Manual
575,8,note purchase agreement,Note-Purchase-Agreement---ORCKIT-COMMUNICATIONS---3-13-2013
576,8,amendment no to credit agreement,Amendment-No-1-To-Credit-Agreement---CIRCOR-INTERNATIONAL-INC---11-2-2006
577,8,daily equity report sep capital paramount,daily-equity-report-4sep-capital-paramount
578,8,california ftb form,2006-California-FTB-Form-1032
579,7,reseller agreement,reseller-Agreement
580,7,pitch book,Pitch-Book-Template
581,7,chairmans report,Chairmans-Report
582,7,cereal box book report,Cereal-Box-Book-Report
583,7,roommate agreement,ROOMMATE-AGREEMENT
584,7,emergency order of protection emergency order of protection illinois,Emergency-Order-Of-Protection-Emergency-Order-Of-Protection---Illinois
585,7,form instructions,Form-1023-Instructions
586,7,fincen form,FinCEN-Form-109
587,7,proposal penawaran,Proposal-Penawaran
588,7,resume template,Resume-Template---DOC-1
589,7,employment contracts,Employment-Contracts
590,7,interview guide,Interview-Guide
591,7,event checklist,event-checklist
592,7,derivative report november by mansukh investment and trading solution,Derivative-Report-14-November-2011-By--Mansukh-Investment-and-Trading-Solution
593,7,sales plan,Sales-Plan-Template
594,7,how to write a cover letter,HOW-TO-WRITE-A-COVER-LETTER
595,7,memorandum for general rfp configuration,Memorandum-for-General-RFP-Configuration
596,7,lab manual,Lab-Manual
597,7,simple invoice,Simple-Invoice
598,7,employee warning notice,Employee-Warning-Notice
599,7,salary certificate,Download-Salary-Certificate-Template
600,7,qc ordinance subdivision plan,QC-Ordinance-852-00-Subdivision-Plan
601,7,certified mail return receipt requested,Certified-Mail---Return-Receipt-Requested
602,7,application checklist,Application-Checklist
603,7,child care form,child-care-form-15
604,7,performance agreement,Performance-Agreement
605,7,letter of engagement,Letter-of-Engagement
606,7,template for mini lesson development,Template-for-Mini-Lesson-Development
607,7,supporting statement,SUPPORTING-STATEMENT
608,7,report by the secretariat,Report-by-the-Secretariat
609,7,%ef%bf%bdnitelendirilmis yillik plan,%EF%BF%BDNITELENDIRILMIS-YILLIK-PLAN
610,7,generic test plan,Generic-Test-Plan
611,7,chronological resume,Chronological-Resume
612,7,san diego tax attorney,san-diego-tax-attorney
613,7,uniform residential loan application,Uniform-Residential-Loan-Application
614,7,non solicitation agreement,Non-Solicitation-Agreement
615,7,independent contractor,INDEPENDENT-CONTRACTOR
616,7,class schedule,CLASS-SCHEDULE
617,7,pet agreement,PET-AGREEMENT
618,7,employee stock option plan,Employee-Stock-Option-Plan
619,7,donation receipt,Donation-Receipt
620,7,certificate of conformity,Certificate-of-Conformity
621,7,request for leave of absence,Request-for-Leave-of-Absence
622,7,work order,Work-Order
623,7,dads or hhsc form,DADS-or-HHSC-Form
624,7,client intake form,Client-Intake-Form
625,7,letter of transmittal,LETTER-OF-TRANSMITTAL
626,7,accident waiver and release of liability,ACCIDENT-WAIVER-AND-RELEASE-OF-LIABILITY
627,7,consolidated federal funds report,Consolidated-Federal-Funds-Report-2003
628,7,release form,Release-Form
629,7,mortgagee letter,Mortgagee-Letter-99-
630,7,arabic cv,Arabic-CV
631,7,car loan with bad credit,Car-Loan-with-Bad-Credit
632,7,work schedule,4896-work-schedule
633,7,transition plan,Transition-Plan-Template
634,7,audit report,Audit-Report-Template
635,7,seo guide,SEO-guide
636,7,health and safety manual,HEALTH-AND-SAFETY-MANUAL
637,7,linux guide to linux certification,Linux-Guide-to-Linux-Certification
638,7,marketing plan outline,Marketing-Plan-Outline-Sample
639,7,resume samples,Resume-Samples
640,7,inspection report,Inspection-Report
641,7,power purchase agreement,POWER-PURCHASE-AGREEMENT
642,7,contractor agreement,Contractor-Agreement
643,7,subject verb agreement,Subject-Verb-Agreement
644,7,client agreement,CLIENT-AGREEMENT
645,7,vendor contract,VENDOR-CONTRACT
646,7,market summary,Market-Summary
647,7,directory submission report,Directory-Submission-Report
648,7,notice of intent,Notice-of-Intent
649,7,proposal letter,Proposal-Letter-Example
650,7,contract manager,Contract-Manager
651,7,search engine optimization starter guide,search-engine-optimization-starter-guide
652,7,credit card authorization letter,Credit-Card-authorization-letter
653,7,photo release,Sample-Photo-Release
654,7,plan estrategico,PLAN-ESTRATEGICO
655,7,certificate of authenticity,CERTIFICATE-OF-AUTHENTICITY
656,7,proposal penelitian tindakan kelas,PROPOSAL-PENELITIAN-TINDAKAN-KELAS
657,7,non compete agreement,Sample_Non_Compete_Agreement
658,7,specification,Specification-Template
659,7,new employee checklist,NEW-EMPLOYEE-CHECKLIST
660,7,plan operativo anual,PLAN-OPERATIVO-ANUAL-2008
661,7,liability waiver,Liability-Waiver
662,7,affidavit,affidavit-sample
663,7,prospectus first industrial realty trust inc,Prospectus-FIRST-INDUSTRIAL-REALTY-TRUST-INC---3-1-2012
664,7,membership interest purchase agreement,Membership-Interest-Purchase-Agreement---ICF-INTERNATIONAL----3-2-2012
665,7,self evaluation report,SELF-EVALUATION-REPORT
666,7,expert guide to affiliate marketing,The-Expert-Guide-to-Affiliate-Marketing
667,7,bmw i service manual repair manual,BMW_316i_SERVICE_MANUAL_REPAIR_MANUAL_1983_1991
668,7,honda civic service manual,HONDA_CIVIC_SERVICE_MANUAL_1992_1995
669,7,massey ferguson mf tractor parts manual pdf,MASSEY_FERGUSON_MF_294_4_TRACTOR_PARTS_MANUAL_pdf
670,7,ford sierra rs cosworth service repair manual,Ford_Sierra_Rs_Cosworth_1985-1987_Service_Repair_Manual
671,7,hyundai sonata service repair manual,Hyundai_Sonata_1988-1994_Service_Repair_Manual
672,7,toyota yaris echo verso service repair manual,Toyota_Yaris_Echo_Verso_1999-2005_Service_Repair_Manual
673,7,toyota tacoma service repair manual,Toyota_Tacoma_2001-2004_Service_Repair_Manual
674,7,procurement notice for a service contract,Procurement-notice-for-a-service-contract---DOC
675,7,personal monthly budget,Personal-Monthly-Budget
676,7,tgb blade atv service repair manual,tgb_blade_250_atv__service_repair_manual
677,7,membership application form,2011-12-Membership-Application-Form
678,7,induction checklist,Induction-checklist
679,7,car rental,car_rental
680,7,business report,Business_Report_2008
681,7,employee manual,Sample-Employee-manual
682,7,request for proposal rfp,Request-for-Proposal-RFP
683,7,exclusive license agreement,Exclusive-License-Agreement---ARNO-THERAPEUTICS---5-15-2012
684,7,accounting resume,Accounting-Resume-Sample
685,7,quick reference guide,2010-Quick-Reference-Guide
686,7,forbearance agreement,Forbearance-Agreement---DAYBREAK-OIL-and-GAS-INC---5-29-2012
687,7,letter to legislators,2012-Sample-Letter-to-Legislators
688,7,scholarship cover letter,2012-Scholarship-Cover-Letter
689,7,paper,paper-template
690,7,application for schengen visa,Application-for-Schengen-Visa---DOC-2
691,7,seo proposal,Sample-SEO-Proposal
692,7,%ef%bf%bd employment offer letter,SAMPLE-%EF%BF%BD-EMPLOYMENT-OFFER-LETTER
693,7,performance evaluation form,PERFORMANCE-EVALUATION-FORM
694,7,document,Document-Template
695,7,request for quotation (rfq),Request-for-quotation-(RFQ)
696,7,sop,SOP-Template
697,7,facsimile transmission cover letter,FACSIMILE-TRANSMISSION-COVER-LETTER
698,7,swot analysis,SWOT-analysis-template
699,7,legal notice,Legal-Notice
700,7,bid contract service and supply,Bid-Contract-Service-and-Supply
701,7,office manager resume,Office-Manager-Resume
702,7,pharmaceutical sales resume,Pharmaceutical-Sales-Resume-Template
703,7,refund policy,refund_policy
704,7,standing order,Standing-Order-Template
705,7,share pledge agreement,Share-Pledge-Agreement---USCHINA-CHANNEL-INC---8-20-2012
706,7,questionnaire,Questionnaire-template
707,7,subcontractor agreement,Subcontractor-Agreement
708,7,general security agreement,General-Security-Agreement
709,7,soft offer,SOFT-OFFER
710,7,timeline,TIMELINE-Template
711,7,trust agreement,trust_agreement
712,7,non qualified stock option agreement,_NON-QUALIFIED-STOCK-OPTION-AGREEMENT
713,7,proposal process,PROPOSAL-PROCESS
714,7,business income taxes form [],Business-Income-Taxes-Form-966[834]
715,7,job application letter,Job-Application-Letter
716,7,nonqualified stock option agreement,Nonqualified-Stock-Option-Agreement---CVS-CAREMARK-CORP---2-15-2013
717,7,aeg arctis ga no frost arctis ga no frost (pnc ) manual,AEG---Arctis-2294GA-No-Frost---Arctis-2294GA-No-Frost---(PNC-625551126)---Manual
718,7,aeg favorit compact favorit compact (pnc ) manual,AEG---Favorit-Compact-300---Favorit-Compact-300---(PNC-606510202)---Manual
719,7,aeg santo i glassline santo i glassline (pnc ) manual,AEG---Santo-2232-i-Glassline---Santo-2232-i-Glassline---(PNC-621372026)---Manual
720,7,rental properties in south delhi,Rental-Properties-in-South-Delhi
721,7,marketing agreement,Marketing-Agreement---RENTECH-NITROGEN-PARTNERS----3-18-2013
722,7,equipment lease agreement,Equipment-Lease-Agreement-Template
723,7,html,html-template
724,7,retirement plan,Retirement-Plan---MCDERMOTT-INTERNATIONAL-INC---11-5-2008
725,7,first amendment to credit agreement,First-Amendment-To-Credit-Agreement---SONOCO-PRODUCTS-CO---3-7-2003
726,7,executive retirement plan,Executive-Retirement-Plan---NATIONAL-FUEL-GAS-CO---12-21-1999
727,7,daily equity report july,Daily-Equity-Report-7-July-2013
728,7,hrm week summary,HRM-319-Week-2-Summary
729,7,%the apple ipod itunes anti trust litigation%,%2522The-Apple-iPod-iTunes-Anti-Trust-Litigation%2522---74
730,7,scottish commission for public audit,SCOTTISH-COMMISSION-FOR-PUBLIC-AUDIT
731,6,new hire checklist,NEW-HIRE-CHECKLIST
732,6,catering worksheet,Catering_worksheet
733,6,smart goals worksheet,SMART-Goals-Worksheet
734,6,note taking,note-taking
735,6,design proposal,design_proposal
736,6,export worksheet,Export-Worksheet
737,6,excel spreadsheet,Excel-Spreadsheet
738,6,web development proposal,Web_Development_Proposal
739,6,professional development plan,Professional-Development-Plan
740,6,apollo global management llc form d,APOLLO-GLOBAL-MANAGEMENT-LLC-Form-D---10-26-2011
741,6,how to write a business letter,How-To-Write-A-Business-Letter
742,6,annual report annual report,Annual-Report-Annual-Report
743,6,expert guide to ppc marketing,The-Expert-Guide-to-PPC-Marketing
744,6,balancing chemical equations worksheet,Balancing-Chemical-Equations-Worksheet
745,6,beginners guide to seo,Beginners-Guide-to-SEO
746,6,form a,Form-4506-A
747,6,rejection letter,Rejection-Letter
748,6,accident waiver and release of liability form,ACCIDENT-WAIVER-AND-RELEASE-OF-LIABILITY-FORM
749,6,training plan,Training-Plan-Template
750,6,limited liability partnership agreement,Limited-Liability-Partnership-Agreement
751,6,indian contract act,INDIAN-CONTRACT-ACT_-1872
752,6,application for membership,APPLICATION-FOR-MEMBERSHIP
753,6,business letter format,business-letter-format
754,6,fax cover letter,FAX-COVER-LETTER
755,6,time off request form,Time-Off-Request-Form
756,6,media guide,Media_Guide
757,6,pre employment,Pre-Employment
758,6,thank you for your order,THANK-YOU-FOR-YOUR-ORDER
759,6,termination of employment,TERMINATION-OF-EMPLOYMENT
760,6,mediation agreement,MEDIATION-AGREEMENT
761,6,event registration form,Event-Registration-Form
762,6,exit checklist,Exit-Checklist
763,6,letter of commitment,Letter-of-Commitment
764,6,irs form,IRS-Form-8594
765,6,apa th edition,APA-5th-Edition-Template
766,6,sales receipt,Sales-receipt-Template
767,6,second loan modification agreement,Second-Loan-Modification-Agreement---HORIZON-PHARMA----11-14-2011
768,6,interior designer resume,Sample-Interior-Designer-Resume
769,6,letter of guarantee,LETTER_OF_GUARANTEE
770,6,ohio state university extension,The-Ohio-State-University-Extension
771,6,consent form,consent-form
772,6,notice of examination,NOTICE-OF-EXAMINATION
773,6,broker agreement,Broker_Agreement
774,6,northamptonshire county council letterhead,Northamptonshire-County-Council-Letterhead-Template
775,6,business budget,Sample-Business-Budget
776,6,contract termination letter,Contract-Termination-Letter
777,6,investment management agreement,INVESTMENT-MANAGEMENT-AGREEMENT
778,6,event planning checklist,Event-Planning-Checklist
779,6,trip report,Trip-Report
780,6,summary report,SUMMARY-REPORT
781,6,quotation,SAMPLE-QUOTATION
782,6,technical manual,TECHNICAL-MANUAL
783,6,contemporary letter,Contemporary-Letter
784,6,waiver request,waiver_request
785,6,vendor agreement,VENDOR-AGREEMENT
786,6,proposal tugas akhir,PROPOSAL-TUGAS-AKHIR
787,6,statement of,STATEMENT-OF
788,6,option to purchase,Option-to-Purchase
789,6,internship proposal,Internship-Proposal
790,6,autocheck vehicle history report,AutoCheck-Vehicle-History-Report
791,6,catering contract,catering-contract
792,6,foster application,foster_application
793,6,montana deq air quality permit mk weeden construction inc,Montana-DEQ---AIR-QUALITY-PERMIT---MK-Weeden-Construction-Inc
794,6,job offer letter,Sample-job-offer-letter
795,6,manual del usuario,Manual-del-Usuario
796,6,client letter,Client-Letter
797,6,birthday party booking form,Birthday-Party-Booking-Form
798,6,contract for services,CONTRACT-FOR-SERVICES
799,6,letterhead template,Letterhead-Template---DOC
800,6,plan d%ef%bf%bdaffaires,Plan-d%EF%BF%BDaffaires
801,6,board meeting agenda,SAMPLE-BOARD-MEETING-AGENDA
802,6,planning worksheet,PLANNING-WORKSHEET
803,6,elegant resume,Elegant-Resume
804,6,hire ipad application developer,Hire-iPad-Application-Developer
805,6,certificate of employment,CERTIFICATE-OF-EMPLOYMENT
806,6,contoh proposal skripsi,Contoh-Proposal-Skripsi
807,6,how to write a research proposal,How-to-write-a-Research-Proposal
808,6,contoh proposal,20100119_contoh-proposal
809,6,club membership form,Club-membership-form-template
810,6,volunteer application form,SAMPLE-Volunteer-Application-Form
811,6,patient intake form,Patient-Intake-Form
812,6,price guide,PRICE-GUIDE
813,6,personal budget,Personal-Budget
814,6,operating manual,Operating-Manual
815,6,memorandum of understanding between,MEMORANDUM-OF-UNDERSTANDING-BETWEEN
816,6,plan anual,PLAN-ANUAL
817,6,addendum no,ADDENDUM-NO
818,6,weekly activity report,WEEKLY-ACTIVITY-REPORT
819,6,solutions manual,SOLUTIONS-MANUAL
820,6,purchase contract,Purchase-Contract-_
821,6,release of liability,RELEASE-OF-LIABILITY
822,6,new patient registration form,New-Patient-Registration-Form
823,6,letter to shareholders,LETTER-TO-SHAREHOLDERS
824,6,scholarship letter,Scholarship-letter---2
825,6,formal report,Formal_Report
826,6,approval letter,Approval-Letter
827,6,apartment lease,Apartment-Lease
828,6,incident report form,INCIDENT-REPORT-FORM
829,6,proposal warnet,proposal-Warnet
830,6,notice of privacy practices for protected health information,Notice-of-Privacy-Practices-for-Protected-Health-Information
831,6,cv en,CV-EN
832,6,minute,Minute-template
833,6,drivers license,Drivers-License
834,6,learning contract,Learning-Contract
835,6,business plan outline,Business-Plan-Outline
836,6,investor agreement,Investor-Agreement-Template
837,6,daily activity report,Daily-Activity-Report
838,6,internship report,Internship-Report
839,6,country report,Country-Report
840,6,waiver of liability and hold harmless agreement,WAIVER-OF-LIABILITY-AND-HOLD-HARMLESS-AGREEMENT
841,6,advertising agreement,ADVERTISING-AGREEMENT
842,6,licensing agreement,Licensing-Agreement
843,6,office lease agreement,Office-Lease-Agreement
844,6,distributor agreement,Distributor-Agreement
845,6,event budget,Event--Budget
846,6,rental property,RENTAL-PROPERTY
847,6,order to show cause,Order-to-Show-Cause
848,6,living will,Living-Will
849,6,invoice form,Invoice-Form
850,6,waiver and release of liability form,WAIVER-AND-RELEASE-OF-LIABILITY-FORM
851,6,submit proposal to,SUBMIT-PROPOSAL-TO
852,6,medical records release form,Medical-Records-Release-Form-1
853,6,manual de usuario,Manual-de-Usuario
854,6,x poster,48x36-poster-template
855,6,arabic english cv (doc),Arabic-English-CV-003-(DOC)
856,6,arabic english cv,Arabic-_-English-CV-010
857,6,application format,Application-Format
858,6,beginners guide,a-beginners-guide
859,6,rental agreement form,rental_agreement-FORM
860,6,property inspection report,PROPERTY-INSPECTION-REPORT
861,6,employment offer letter,employment-offer-letter
862,6,work for hire agreement,WORK-FOR-HIRE-AGREEMENT
863,6,statutory declaration,STATUTORY-DECLARATION
864,6,protocol,Protocol-Template
865,6,hr templatessurveyhr management employers hr policy,hr-templatesSURVEYHR-MANAGEMENT-EMPLOYERS-HR-POLICY
866,6,expert guide to article marketing,The-Expert-Guide-to-Article-Marketing
867,6,affidavit of marriagedomestic partnership,AFFIDAVIT-OF-MARRIAGEDOMESTIC-PARTNERSHIP
868,6,manual do expositor,MANUAL-DO-EXPOSITOR---DOC
869,6,honda civic service manual civic and crx,HONDA_CIVIC_SERVICE_MANUAL_CIVIC_AND_CRX_1984_1989
870,6,opel vectra b service repair manual,Opel_Vectra_B_1999-2002_Service_Repair_Manual
871,6,floor plan,FLOOR-PLAN
872,6,sale and purchase agreement,Sale-And-Purchase-Agreement---VERIFONE-HOLDINGS----3-12-2012
873,6,wedding budget,Wedding-Budget
874,6,plan de estudios,Plan-de-Estudios-2004
875,6,employee non disclosure agreement,EMPLOYEE-NON-DISCLOSURE-AGREEMENT
876,6,this agreement,This-Agreement---KEYSTONE-CONSOLIDATED-INDUSTRIES-INC---3-15-2012
877,6,contract de prestari servicii,CONTRACT-DE-PRESTARI-SERVICII
878,6,interview checklist,INTERVIEW-CHECKLIST
879,6,nissan sentra service repair workshop manual,NISSAN_SENTRA_SERVICE_REPAIR_WORKSHOP_MANUAL_2007
880,6,toyota avalon service repair manual,Toyota_Avalon_2005-2008_Service_Repair_Manual
881,6,environmental policy,ENVIRONMENTAL-POLICY
882,6,commercial lease agreement,Commercial-Lease-Agreement
883,6,safe work method statement,Safe-Work-Method-Statement
884,6,customer cross reference,Customer-Cross-Reference-2011
885,6,website planning worksheet,Website-Planning-Worksheet
886,6,canada pension plan old age security statistical bulletin[],Canada-Pension-Plan-Old-Age-Security-statistical-bulletin[828]
887,6,training proposal,Training-Proposal
888,6,letter of indemnity,Letter-of-Indemnity-11
889,6,policy wording,Policy-Wording
890,6,plan de cuentas,plan-de-cuentas-2009
891,6,consulting agreement consulting agreement,Consulting-Agreement-Consulting-Agreement---SEAFARER-EXPLORATION-CORP---4-12-2012
892,6,prospectus pennsylvania real estate investment trust,Prospectus-PENNSYLVANIA-REAL-ESTATE-INVESTMENT-TRUST---4-13-2012
893,6,stock market,STOCK-MARKET
894,6,character certificate,character-certificate
895,6,problem statement,PROBLEM-STATEMENT
896,6,financial report,Financial-Report--finanzbericht---NOVARTIS-AG---4-24-2012
897,6,second amendment to credit agreement,Second-Amendment-To-Credit-Agreement---DICE-HOLDINGS----4-25-2012
898,6,letter of application,Letter-of-Application
899,6,agreement of sale,AGREEMENT-OF-SALE
900,6,agenda item,Agenda-Item-21
901,6,internet marketing plan,Internet-Marketing-Plan
902,6,standard appointment letter of offer,Standard-Appointment-Letter-of-Offer
903,6,memorandum for,MEMORANDUM-FOR
904,6,marketing plan presentation,Sample-marketing-plan-presentation
905,6,waste management plan,WASTE-MANAGEMENT-PLAN
906,6,warning notice,WARNING-NOTICE
907,6,data collection,Sample-Data-Collection---DOC
908,6,referral agreement,Referral-Agreement
909,6,letter writing,letter_writing
910,6,cover letter get as,cover-letter---Get-as-DOC
911,6,payroll,Payroll-Template
912,6,summary of product characteristics,summary-of-product-characteristics
913,6,ten steps to home ownership series oklahoma mortgage bank step,Ten-Steps-to-Home-Ownership-Series---Oklahoma-Mortgage-Bank---Step-2
914,6,fellowship application form,Fellowship-application-form
915,6,form dvat,form-dvat-07
916,6,product guide,Product-Guide
917,6,formal meeting agenda,Formal-Meeting-Agenda-template
918,6,provider agreement,PROVIDER-AGREEMENT
919,6,trifold brochure template,TRIFOLD-BROCHURE-TEMPLATE---DOC-1
920,6,website design proposal,Download-Website-Design-Proposal
921,6,amendment to lease,AMENDMENT-TO-LEASE
922,6,(sample cover for request for application),(Sample-Cover-for-Request-for-Application)
923,6,hr director resume,HR-Director-Resume
924,6,medical assistant resume,Medical-Assistant-Resume
925,6,operations director resume,Operations-Director-Resume
926,6,pre purchase questionnaire,PRE-PURCHASE-QUESTIONNAIRE
927,6,insertion order,Insertion-Order
928,6,affidavit of heirship,AFFIDAVIT-OF-HEIRSHIP
929,6,model release,MODEL-RELEASE
930,6,project initiation document,Project-Initiation-Document-Template
931,6,application to rent,APPLICATION-TO-RENT
932,6,introduction and teachers guide,Introduction-and-Teachers-Guide
933,6,tenancy agreement,Tenancy-Agreement
934,6,business plan proposal,business-plan-proposal-template
935,6,letter transmittal letter to sec enclosing form d,Letter-Transmittal_Letter_to_SEC_Enclosing_Form_D
936,6,ppt,PPT-Template
937,6,investment proposal,Investment-Proposal
938,6,day notice,1430-DAY-NOTICE
939,6,executive resume,EXECUTIVE-RESUME-TEMPLATE
940,6,mutual nondisclosure agreement,Mutual-Nondisclosure-Agreement---DOC
941,6,application number,Application-Number-_____
942,6,deed of donation,DEED-OF-DONATION---DOC
943,6,business planning,BUSINESS-PLANNING-TEMPLATE
944,6,aeg santo ka santo ka (pnc ) manual,AEG---Santo-2330-KA---Santo-2330-KA---(PNC-621505106)---Manual
945,6,evaluation of oap in karnataka final report phase,Evaluation-of-OAP-in-Karnataka---Final-Report---Phase-100005
946,6,vacation rental,Vacation-rental
947,6,weight loss guide !,Weight-Loss-Guide-2013!
948,6,qualified consultant list alger county courthouse,Qualified-Consultant-List---Alger-County-Courthouse
949,6,tax sharing agreement,Tax-Sharing-Agreement---ARCH-CAPITAL-GROUP-LTD---3-27-1998
950,6,change in control severance agreement,Change-in-control-Severance-Agreement---VENTAS-INC---3-31-1999
951,6,executive change of control agreement,Executive-Change-Of-Control-Agreement---CIRCOR-INTERNATIONAL-INC---3-9-2001
952,6,agreement miller industries inc,Agreement---MILLER-INDUSTRIES-INC-
953,6,participation agreement quantum corp,Participation-Agreement---QUANTUM-CORP-
954,6,guaranty agreement,Guaranty-Agreement---DOLLAR-GENERAL-CORP---4-25-2000
955,6,equity incentive plan,1996-Equity-Incentive-Plan---FRONTIER-COMMUNICATIONS-CORP---8-7-1997
956,6,annual incentive compensation plan,2003-Annual-Incentive-Compensation-Plan---NACCO-INDUSTRIES-INC---3-27-2003
957,6,power of attorney schlumberger ltd,Power-Of-Attorney---SCHLUMBERGER-LTD-
958,6,incentive compensation plan,1996-Incentive-Compensation-Plan---HARTE-HANKS-INC---8-7-1996
959,6,agreement cypress semiconductor corp,Agreement---CYPRESS-SEMICONDUCTOR-CORP-
960,6,nissan pathfinder (model r series) service and repair manual,Nissan-Pathfinder-(Model-R50-Series)-Service-and-Repair-Manual-2003
961,6,stock option award,Stock-Option-Award---SPX-CORP---11-13-2000
962,6,who wants to be a millionaire,Who-wants-to-be-a-millionaire-template
963,6,techdays it pro template download center microsoft,TechDays-2012-IT-Pro-Template---Download-Center---Microsoft_1_
964,6,leg assignment employment at will doctrine,LEG-500-Assignment-1-Employment-At-Will-Doctrine
965,6,daily equity report july by capitalparamount,daily-equity-report-15july-by-capitalparamount
966,6,offer to purchase for cash,Offer-To-Purchase-For-Cash---HALLIBURTON-CO---7-26-2013
967,6,copy of invoice,copy-of-invoice
968,6,investment agreement,INVESTMENT-AGREEMENT
969,6,system equipment purchase agreement,System-Equipment-Purchase-Agreement---LEAP-WIRELESS-INTERNATIONAL-INC---11-14-2005
970,6,agreement senetek plc,Agreement---SENETEK-PLC-
971,6,auto expense travel report,auto-expense-travel-report
972,6,budget of the united states government department of energy,2007-Budget-of-the-United-States-Government---Department-of-Energy
973,6,irs forms instructions for form,IRS-Forms---5471---Instructions-for-Form-5471
974,5,request for reconsideration,REQUEST_FOR_RECONSIDERATION_SAMPLE11950957
975,5,enrollment form,ENROLLMENT-FORM
976,5,.. msds inst alpha stp apex power plus. euk,.._MSDS0_INST_ALPHA_STP_APEX-POWER-PLUS.911109-EUK
977,5,objection letter,OBJECTION-LETTER
978,5,draft not for quotation,DRAFT---NOT-FOR-QUOTATION
979,5,summer camp registration form,Summer-Camp-Registration-Form
980,5,book order form,BOOK-ORDER-FORM
981,5,speed dome operating manual,Speed-Dome-Operating-Manual
982,5,secured loan agreement,SECURED-LOAN-AGREEMENT
983,5,presale report,080410-PreSale-Report
984,5,foreclosure report,The-foreclosure-report
985,5,marketing calendar,Marketing-Calendar-Template-2010
986,5,plan operativo institucional,Plan-Operativo-Institucional-2011
987,5,"quarterly national accounts manual concepts, data sources, and compilation ()","Quarterly-National-Accounts-Manual----Concepts,-Data-Sources,-and-Compilation-(2001)"
988,5,internship application,Internship-Application
989,5,plan of action,PLAN-OF-ACTION
990,5,sponsor agreement,Sponsor-Agreement
991,5,manual on government (russian version),A-Manual-on-Government-(Russian-version)
992,5,financial affidavit financial affidavit illinois,Financial-Affidavit-Financial-Affidavit---Illinois
993,5,affidavit of assets and liabilities affidavit of assets and liabilities illinois,Affidavit-Of-Assets-And-Liabilities-Affidavit-Of-Assets-And-Liabilities---Illinois
994,5,order order illinois,Order-Order---Illinois
995,5,reference guide,Reference-Guide
996,5,audit programs,Audit-Programs
997,5,onepurdue roles,OnePurdue-Roles-Template
998,5,th annual report,th-ANNUAL-REPORT
999,5,hr audit,hr_audit
1000,5,sponsorship form,Sponsorship-form
1001,5,ict policy,ICT---------Policy
1002,5,adsense report,The-adsense-Report
1003,5,audition form,Audition_form
1004,5,strategic business plan,Strategic-Business-Plan
1005,5,cross reference,Cross-Reference
1006,5,cms opinion,CMS-Opinion-Template
1007,5,java application development,JAVA-Application-Development
1008,5,statement of qualifications,STATEMENT-OF-QUALIFICATIONS
1009,5,credit application form,Credit-Application-Form
1010,5,packing slip,Packing-Slip
1011,5,monthly sales report,Monthly_Sales_Report
1012,5,release of lien,Release_of_Lien
1013,5,evaluation form,SAMPLE-EVALUATION-FORM
1014,5,fec meeting minutes faculty executive committee fec meeting[],fec-meeting-minutes-Faculty-Executive-Committee-FEC-Meeting[220]
1015,5,disaster recovery plan,Disaster-Recovery-Plan
1016,5,loss reports loss report,Loss-Reports-2008-Loss-Report
1017,5,employment verification letter,sample-employment-verification-letter
1018,5,web site design contract,Web-Site-Design-Contract
1019,5,contract for deed,CONTRACT-FOR-DEED
1020,5,agreement no,Agreement-No
1021,5,mortgage loan origination agreement,MORTGAGE-LOAN-ORIGINATION-AGREEMENT
1022,5,area plan commission of tippecanoe county,The-Area-Plan-Commission-of-Tippecanoe-County
1023,5,minutes,MINUTES---DOC-10
1024,5,inventory report,inventory_report_004
1025,5,agenda items,AGENDA-ITEMS
1026,5,guide to successful online freelancing,Guide-to-Successful-Online-Freelancing
1027,5,form dba,Form-DBA-131
1028,5,eviction notice,Eviction-Notice
1029,5,certificate of correction certificate of correction maine,Certificate-Of-Correction-Certificate-Of-Correction---Maine
1030,5,academic council minutes,Academic-Council-Minutes
1031,5,tender notice,TENDER-NOTICE
1032,5,hire mobile application developer,Hire-Mobile-Application-Developer
1033,5,timesheet,Sample-Timesheet
1034,5,development plan,Development-Plan
1035,5,sale of goods agreement,Sale-of-Goods-Agreement
1036,5,stock valuation,Stock-Valuation
1037,5,resume and cover letter,A3-Resume-and-Cover-Letter
1038,5,draft letter,draft-letter
1039,5,seo resume,SEO-Resume-Template
1040,5,price proposal,Price-Proposal
1041,5,ieee paper template in a (v),IEEE-Paper-Template-in-A4-(V1)
1042,5,site visit report,Site-Visit-Report
1043,5,flight plan,Flight_plan
1044,5,project report on,Project-Report-on
1045,5,special power of attorney for medical authorization,Special-Power-of-Attorney-for-Medical-Authorization
1046,5,summary minutes,SUMMARY-MINUTES
1047,5,behavior contract,Behavior-contract
1048,5,order of operations,Order-of-Operations
1049,5,acceptance letter,ACCEPTANCE-LETTER---DOC
1050,5,plan anual de trabajo,PLAN-ANUAL-DE-TRABAJO
1051,5,notice to bidders,NOTICE-TO-BIDDERS
1052,5,residential lease rental agreement,Residential-Lease-Rental-Agreement
1053,5,notice of meeting,20020820---Notice-of-Meeting
1054,5,membership renewal form,Membership-Renewal-Form-2011-2012
1055,5,montana deq air quality permit devon louisiana corporation,Montana-DEQ---Air-Quality-Permit--Devon-Louisiana-Corporation
1056,5,montana deq air quality permit mafb,MONTANA-DEQ---Air-Quality-Permit---MAFB
1057,5,mt deq air quality permit devon louisiana corporation,MT-DEQ-Air-Quality-Permit-Devon-Louisiana-Corporation
1058,5,misc letter,Misc-letter
1059,5,character worksheet,Character-Worksheet
1060,5,faculty handbook degree framework l,Faculty-Handbook-Degree-Framework-L602
1061,5,software development agreement,Software-Development-Agreement
1062,5,business plan format,Business-Plan-Format
1063,5,credit card application,Credit-Card-Application
1064,5,memo to,Memo-to
1065,5,gla letter,GLA-Letter-Template
1066,5,career summary,Career-summary
1067,5,donation request letter,2011-Donation-Request-Letter
1068,5,invoice blank,invoice----blank
1069,5,memo format,SAMPLE-MEMO-FORMAT
1070,5,vendor list,vendor--list
1071,5,sponsor proposal,Sponsor-Proposal-2009
1072,5,partnership proposal,Partnership-Proposal
1073,5,order form for website,Order-form-for-Website
1074,5,bid form,BID-FORM
1075,5,conference registration form,Conference-Registration-Form
1076,5,private placement memorandum,Private-Placement-Memorandum
1077,5,reimbursement form,Reimbursement-Form
1078,5,corrective action form,Corrective-Action-Form
1079,5,accident incident near miss report form,ACCIDENT-INCIDENT-NEAR-MISS-REPORT-FORM
1080,5,memorandum and articles of association,MEMORANDUM-AND-ARTICLES-OF-ASSOCIATION
1081,5,cost estimate,COST-ESTIMATE-TEMPLATE
1082,5,use case,Use_Case_Template
1083,5,follow up letter,Follow-up-Letter
1084,5,interim order,INTERIM-ORDER
1085,5,confidentiality statement,Confidentiality-Statement
1086,5,manual of operations,Manual-of-Operations
1087,5,hip blue,Hip-Blue-Template
1088,5,u.s. agriculture and the doha development agenda,U.S.-Agriculture-and-the-Doha-Development-Agenda
1089,5,audit plan,Download-Audit-Plan-Template
1090,5,advertising proposal,Advertising-Proposal-Template
1091,5,marketing budget plan,Marketing-Budget-Plan
1092,5,letter of undertaking,LETTER-OF-UNDERTAKING
1093,5,letter of acceptance,Letter-of-Acceptance
1094,5,permit to work,PERMIT-TO-WORK
1095,5,new microsoft excel worksheet,New-Microsoft-Excel-Worksheet
1096,5,project brief,Project-Brief-Template
1097,5,fundraising letter,SAMPLE-FUNDRAISING-LETTER
1098,5,news letter august,News-Letter-August-21-2009
1099,5,offer letters,Offer-Letters
1100,5,liability release forms,Free-Liability-Release-Forms
1101,5,social media policy,sample_social_media_policy_2
1102,5,proposal cover page,2012-Proposal-Cover-Page
1103,5,authorization to release information,Authorization-to-Release-Information
1104,5,telecommuting agreement,Telecommuting-Agreement
1105,5,foster home application,FOSTER_HOME_APPLICATION
1106,5,artist statement,Artist-Statement
1107,5,request for payment,Request-for-Payment
1108,5,book report,The-Book-Report
1109,5,safety manual,Safety-Manual
1110,5,comprehensive plan,COMPREHENSIVE-PLAN
1111,5,lottery pool agreement,Lottery-Pool-Agreement
1112,5,event planning guide,EVENT-PLANNING-GUIDE
1113,5,directors report,The-Directors-Report
1114,5,amortization schedule,Amortization-Schedule
1115,5,krs form w,krs-form-w03
1116,5,annual report pdf,Annual-Report-2006---PDF-1
1117,5,gain report,GAIN-Report
1118,5,special report,A-special-report
1119,5,weekly management status report,Weekly-Management-Status-Report
1120,5,agreement for services,AGREEMENT-FOR-SERVICES
1121,5,membership agreement,Membership-Agreement
1122,5,verification of employment,Verification-of-Employment---DOC
1123,5,indemnity agreement,Indemnity-Agreement
1124,5,partner agreement,Partner-Agreement
1125,5,tutoring contract,Tutoring-Contract
1126,5,snow removal contract,Snow-Removal-Contract-2009-10
1127,5,equipment rental contract,Equipment-Rental-Contract
1128,5,concession agreement,Concession-Agreement---TRANSGLOBE-ENERGY-CORP---1-3-2012
1129,5,management services agreement,Management-Services-Agreement---JIN-JIE----1-3-2012
1130,5,tax form,Tax-Form-5471
1131,5,plan managerial,plan-managerial
1132,5,report of independent registered public accounting firm,Report-Of-Independent-Registered-Public-Accounting-Firm---INFOSYS-TECHNOLOGIES---1-25-2012
1133,5,contoh proposal penawaran kerjasama,CONTOH-PROPOSAL-PENAWARAN-KERJASAMA
1134,5,requisition form,Requisition-Form
1135,5,guide to accounting software,A_Guide_To_Accounting_Software
1136,5,incremental assumption agreement,Incremental-Assumption-Agreement---MEDLEY-CAPITAL----2-6-2012
1137,5,bill of sale,Bill-of-Sale-Template
1138,5,high court judgment,High-Court-Judgment-Template
1139,5,limo bus rental in cleveland,Limo-Bus-Rental-in-Cleveland
1140,5,registration form download as,REGISTRATION-FORM---Download-as-DOC
1141,5,classroom management plan,Classroom-Management-Plan---DOC
1142,5,contoh proposal usaha,Contoh-Proposal-Usaha
1143,5,contoh proposal kegiatan,contoh--Proposal-kegiatan
1144,5,financial statement analysis,FINANCIAL-STATEMENT-ANALYSIS
1145,5,training request form,Training-Request-Form
1146,5,cash receipt,Cash-Receipt-Template
1147,5,receipt,receipt-template
1148,5,business credit application,Business-Credit-Application
1149,5,relieving letter,Relieving-letter
1150,5,event planning,Event-planning-template
1151,5,board meeting minutes,Board-Meeting-Minutes-Template
1152,5,medical fitness certificate,MEDICAL-FITNESS-CERTIFICATE---DOC
1153,5,letter of complaint,Letter-of-Complaint---DOC
1154,5,resolution,resolution-template
1155,5,management incentive plan,2011-Management-Incentive-Plan---CVS-CAREMARK-CORP---2-17-2012
1156,5,race registration form,2011-Race-registration-form
1157,5,online sales letter,The-Online-Sales-Letter
1158,5,exemple cv,exemple-cv
1159,5,ch worksheet,Ch-11-Worksheet
1160,5,deed of gift,DEED-OF-GIFT
1161,5,general contractor los angeles,General-contractor-Los-Angeles
1162,5,apple pest report,Apple-pest-report
1163,5,directors deferred compensation plan,Directors-Deferred-Compensation-Plan---BAXTER-INTERNATIONAL-INC---2-23-2012
1164,5,incentive stock option agreement,Incentive-Stock-Option-Agreement---HUMANA-INC---2-24-2012
1165,5,policy and procedure,Policy-and-Procedure-Template
1166,5,dark background,Dark-Background-Template
1167,5,rezoning and cup,Rezoning-and-CUP-Template
1168,5,flyer,Flyer-Template
1169,5,web hosting agreement,WEB-HOSTING-AGREEMENT
1170,5,incentive plan,Sample-Incentive-Plan
1171,5,proposal writing,Proposal-writing
1172,5,inspection and acceptance,INSPECTION-AND-ACCEPTANCE
1173,5,fourth amendment to credit agreement,Fourth-Amendment-To-Credit-Agreement---EXCEL-TRUST----3-1-2012
1174,5,whistle blower policy,SAMPLE_Whistle_Blower_Policy
1175,5,award certificate,Award-certificate
1176,5,leave application form,Leave-Application-Form
1177,5,toyota avensis service repair manual,Toyota_Avensis_2002-2007_Service_Repair_Manual
1178,5,hyundai elantra service repair manual,Hyundai_Elantra_1996-2001_Service_Repair_Manual
1179,5,jaguar xjs service repair manual,1994_Jaguar_XJS_Service_Repair_Manual_94
1180,5,nissan sentra service manual,NISSAN_SENTRA_SERVICE_MANUAL_1990_1999
1181,5,aprilia pegaso service repair manual,Aprilia_Pegaso_650_2005-2009_Service_Repair_Manual
1182,5,harley davidson softail service repair manual,Harley_Davidson_Softail_2006_Service_Repair_Manual
1183,5,kia optima service repair manual,Kia_Optima_2006-2009_Service_Repair_Manual
1184,5,kia rio jb service repair manual,Kia_Rio_Jb_2005-2009_Service_Repair_Manual
1185,5,yamaha yzf r service repair manual,Yamaha_Yzf-R1_2007-2008_Service_Repair_Manual
1186,5,audit program,Audit-Program
1187,5,intercreditor agreement,Intercreditor-Agreement---NORANDA-ALUMINUM-HOLDING-CORP---3-12-2012
1188,5,business plan checklist,Business-Plan-Checklist
1189,5,media plan,Media-Plan
1190,5,no objection certificate,No-objection-certificate
1191,5,plan de trabajo del,PLAN-DE-TRABAJO-DEL
1192,5,plan de desarrollo,PLAN-DE-DESARROLLO
1193,5,us show shipping instruction,US-Show-Shipping-Instruction-Template
1194,5,prospectus american capital mortgage investment,Prospectus-AMERICAN-CAPITAL-MORTGAGE-INVESTMENT----3-15-2012
1195,5,cornell note taking,Cornell-Note-taking-template
1196,5,bos cv ornegi,bos-cv-ornegi-6
1197,5,press release lg electronics,Press-Release-LG-Electronics
1198,5,living in style in shipping containers,Living_In_Style_In_Shipping_Containers
1199,5,fresher resume,Fresher-resume
1200,5,jeep grand cherokee service repair manual,Jeep_Grand_Cherokee_2005_Service_Repair_Manual
1201,5,facebook money making guide,facebook-money-making-guide
1202,5,independent auditors report,Independent-Auditors-Report---STEEL-PARTNERS-HOLDINGS----3-30-2012
1203,5,proposal pembuatan web,Proposal-pembuatan-web
1204,5,complaint letter,sample_complaint_letter
1205,5,residential rental application,Residential-Rental-Application
1206,5,minnesota child care center license,Minnesota-Child-Care-Center-License
1207,5,employee loan guaranty agreement,Employee-Loan-Guaranty-Agreement
1208,5,wire transfer request,2011-Wire-Transfer-Request
1209,5,credit card form,Credit-Card-Form_1_
1210,5,contract for,CONTRACT-FOR
1211,5,contract packing,Contract-Packing
1212,5,new employee orientation checklist,new_employee_orientation_checklist
1213,5,cover letter download as,SAMPLE-COVER-LETTER---Download-as-DOC
1214,5,wedding contract,wedding_contract
1215,5,intellectual property assignment agreement,Intellectual-Property-Assignment-Agreement
1216,5,secured convertible promissory note,Secured-Convertible-Promissory-Note---SURAJ-VENTURES----4-27-2012
1217,5,executive committee meeting minutes,Executive-Committee-Meeting-Minutes
1218,5,contract of sale,CONTRACT-OF-SALE
1219,5,contract to sell,CONTRACT-TO-SELL
1220,5,stock market crash,Stock-Market-Crash
1221,5,request for quotation rfq,REQUEST-FOR-QUOTATION-RFQ
1222,5,cpr,CPR-Template
1223,5,cooperation agreement,Cooperation-Agreement---CHINA-AUTO-LOGISTICS-INC---5-15-2012
1224,5,auto loan,Auto-Loan
1225,5,for use with loan agreement,FOR-USE-WITH-LOAN-AGREEMENT
1226,5,financial projections,Financial-Projections_Template
1227,5,technology license agreement,Technology-License-Agreement---APPLIED-MICRO-CIRCUITS-CORP---5-17-2012
1228,5,company profile,Company-Profile-Template
1229,5,debt conversion agreement,Debt-Conversion-Agreement---UNIVERSAL-DETECTION-TECHNOLOGY---5-21-2012
1230,5,format proposal,Format-Proposal
1231,5,business agreement,Business-Agreement
1232,5,step by step guide,Step-by-Step-Guide
1233,5,cover letter format,cover-letter-format
1234,5,one time credit card payment authorization form,One-Time-Credit-Card-Payment-Authorization-Form
1235,5,proposal outline,Proposal-Outline
1236,5,policy no,Policy-No
1237,5,how to hire the right roofing contractor,How-To-Hire-The-Right-Roofing-Contractor
1238,5,online marketing plan,Online-marketing-plan
1239,5,presentation,presentation-template
1240,5,purchase and sales agreement,purchase_and_sales_agreement
1241,5,intake form,Intake-Form
1242,5,employee evaluation form,Employee-Evaluation-Form---DOC
1243,5,conference schedule,Conference-Schedule
1244,5,apple facilities report,Apple_Facilities_Report_2012
1245,5,irs form misc,IRS-Form-1099-MISC---2012
1246,5,nda agreement,Sample-NDA-Agreement---DOC
1247,5,quotation no,Quotation-No
1248,5,contract law,CONTRACT-LAW
1249,5,ebook,ebook-template
1250,5,resume examples,Free-Resume-Examples
1251,5,resume builder,Resume-Builder
1252,5,celine dion my heart will go on,Celine-Dion---My-Heart-Will-Go-On
1253,5,by agreement between the parties,By-agreement-between-the-parties
1254,5,profile,Profile-Template
1255,5,avery dennison,Avery-Dennison-Template
1256,5,montana operations manual document,Montana-Operations-Manual-Document-Template
1257,5,travel checklist,travel-checklist
1258,5,customer service resume,Customer-Service-Resume-Sample
1259,5,help desk manager resume,Help-Desk-Manager-Resume
1260,5,instructor resume,Instructor-Resume
1261,5,marketing manager resume,Marketing-Manager-Resume
1262,5,mechanical engineer resume,Mechanical-Engineer-Resume
1263,5,cv of,cv-of-33
1264,5,quality control checklist,2011-Quality-Control-Checklist
1265,5,enquiry form,Enquiry-Form
1266,5,gift certificate,Free-Gift-Certificate
1267,5,conference proposal,conference-proposal
1268,5,%ef%bf%bdenrollment form name%ef%bf%bd,%EF%BF%BDEnrollment-Form-Name%EF%BF%BD
1269,5,letter a,The-Letter-A
1270,5,land contract,LAND-CONTRACT
1271,5,workshop checklist,WORKSHOP-CHECKLIST
1272,5,confidentiality and non disclosure agreement,CONFIDENTIALITY-AND-NON-DISCLOSURE-AGREEMENT
1273,5,resume template download as,Resume-template---Download-as-DOC
1274,5,book chapt guide angel garcia,1984-Book-2-chapt-1-guide-Angel-Garcia
1275,5,announcement letter,Announcement-letter
1276,5,csr report,CSR-REPORT-2011
1277,5,physician resume,Physician-Resume
1278,5,property manager resume,Property-Manager-Resume
1279,5,reporter resume,Reporter-Resume
1280,5,sales manager resume,Sales-Manager-Resume
1281,5,administrative assistant cover letter,Administrative-Assistant-Cover-Letter-Example
1282,5,manualsmania brother mfc cn quick setup guide english ( asia oceania ),ManualsMania--Brother-MFC-9420CN---Quick-Setup-Guide---English-(-Asia--Oceania-)
1283,5,manualsmania brother mfc cn quick setup guide italiano,ManualsMania--Brother-MFC-3340CN---Quick-Setup-Guide---Italiano
1284,5,minutes format,Minutes-format
1285,5,manualsmania brother mfc cn quick setup guide nederlands,ManualsMania--Brother-MFC-410CN---Quick-Setup-Guide---Nederlands
1286,5,t shirt order form,T-shirt-order-form
1287,5,strategic planning,Strategic-Planning-Template
1288,5,cornell notes,Cornell-Notes-Template
1289,5,north bristol nhs trust,NORTH-BRISTOL-NHS-TRUST
1290,5,contract management,Contract-Management
1291,5,artist agreement,ARTIST-AGREEMENT
1292,5,project cooperation agreement,PROJECT-COOPERATION-AGREEMENT
1293,5,job statistical report,Job-Statistical-Report
1294,5,restaurant guide,Restaurant-Guide
1295,5,dealer agreement,Dealer-Agreement
1296,5,job description and person specification,Job-description-and-person-specification-template
1297,5,permit no,PERMIT-NO_____
1298,5,certificate of destruction,CERTIFICATE-OF-DESTRUCTION
1299,5,stock redemption agreement,STOCK-REDEMPTION-AGREEMENT
1300,5,past due notice,Past-Due-Notice---DOC
1301,5,delivery note,Delivery-note---DOC
1302,5,recommendation letters,Recommendation-Letters
1303,5,visa invitation letter,Visa-Invitation-Letter
1304,5,yearly plan,YEARLY-PLAN
1305,5,waiver and release of liability,WAIVER-AND-RELEASE-OF-LIABILITY---DOC
1306,5,licence agreement,LICENCE-AGREEMENT
1307,5,minutes of a meeting,MINUTES-OF-A-MEETING
1308,5,independent living,Independent-Living
1309,5,weekly status report,Weekly-Status-Report
1310,5,tax attorney in charlotte,tax-attorney-in-charlotte
1311,5,option agreement,OPTION-AGREEMENT
1312,5,lease contract,The-Lease-Contract
1313,5,development contract,DEVELOPMENT-CONTRACT
1314,5,request for proposal (rfp) k and above,Request-for-Proposal-(RFP)---100k-and-above
1315,5,cover page for grant proposal,SAMPLE-COVER-PAGE-FOR-GRANT-PROPOSAL---DOC-1
1316,5,corporate,Corporate-Template
1317,5,standard operating procedure,Standard-Operating-Procedure-Template
1318,5,registered nurse resume,registered-nurse-resume
1319,5,report of internship,Report-Of-Internship
1320,5,suzuki bandit gsf service repair manual,Suzuki_Bandit_GSF1200_1999_Service_Repair_Manual
1321,5,gsis form no,GSIS-Form-No
1322,5,daily equity report by marketmagnify,Daily-Equity-Report-By-MarketMagnify
1323,5,agcapita farmland investment report,Agcapita-Farmland-Investment-Report
1324,5,cover letter (),sample-cover-letter-(16)
1325,5,personal service contract,Sample-Personal-Service-Contract
1326,5,proposal summarysolution to the mortgage and housing crisis,Proposal-SummarySolution-to-the-Mortgage-and-Housing-Crisis
1327,5,assignment and escrow agreement,Assignment-And-Escrow-Agreement---ATTITUDE-DRINKS----2-19-2013
1328,5,aeg santo dt santo dt (pnc ) manual,AEG---Santo-3000-DT---Santo-3000-DT---(PNC-621570007)---Manual
1329,5,first amendment to lease,First-Amendment-To-Lease---BLUE-NILE-INC---2-25-2013
1330,5,stock recommendation & price target,Stock-Recommendation-&-Price-Target-091104
1331,5,to amended and restated credit agreement,To-Amended-And-Restated-Credit-Agreement---GASTAR-EXPLORATION---3-11-2013
1332,5,restricted stock grant agreement,Restricted-Stock-Grant-Agreement---MCDERMOTT-INTERNATIONAL-INC---2-27-2008
1333,5,how to get started with responsive,how-to-get-started-with-responsive-template
1334,5,responsive architect business,responsive-architect-business-template
1335,5,responsive email,responsive-email-template
1336,5,restricted stock unit award agreement,Restricted-Stock-Unit-Award-Agreement---NEWFIELD-EXPLORATION-CO----4-29-2013
1337,5,warrant agreement,Warrant-Agreement---ELECTRO-OPTICAL-SCIENCES-INC-NY---4-30-2013
1338,5,to employment agreement,To-Employment-Agreement---TELEFLEX-INC---2-25-2009
1339,5,management incentive compensation plan,Management-Incentive-Compensation-Plan---GENESCO-INC---5-2-1994
1340,5,second amended and restated credit agreement,Second-Amended-And-Restated-Credit-Agreement---HOLLY-CORP---5-8-2009
1341,5,restricted stock unit agreement,Restricted-Stock-Unit-Agreement---HOLLY-CORP---5-8-2009
1342,5,annual incentive plan,Annual-Incentive-Plan---KEYCORP-NEW---5-14-2001
1343,5,attached form of agreement,The-Attached-Form-Of-Agreement---SUNTRUST-BANKS-INC---5-14-2001
1344,5,annual bonus plan,Annual-Bonus-Plan---GOODRICH-PETROLEUM-CORP---3-14-2007
1345,5,to credit agreement,To-Credit-Agreement---NU-SKIN-ENTERPRISES-INC---5-17-1999
1346,5,to loan and security agreement,To-Loan-And-Security-Agreement---HYPERCOM-CORP---11-14-2001
1347,5,performance share agreement,Performance-Share-Agreement---CHESAPEAKE-UTILITIES-CORP---3-10-2008
1348,5,business plan for a startup business july,05-Business-Plan-for-a-Startup-Business_July
1349,5,severance compensation agreement,Severance-Compensation-Agreement---ENERGEN-CORP---12-23-1996
1350,5,corporate social report laura ashley,Corporate-Social-Report-2010---Laura-Ashley
1351,5,general agreement,General-Agreement---SILVER-PEARL-ENTERPRISES----6-5-2013
1352,5,bus week dq performance report,BUS-308-Week-1-DQ-1-Performance-Report
1353,5,mgt week learning team reflection summary,MGT-230-Week-2-Learning-Team-Reflection-Summary
1354,5,oi week learning team assignment benefits and drivers proposal,OI-361-Week-2-Learning-Team-Assignment-Benefits-and-Drivers-Proposal
1355,5,daily equity report by capitalparamount,daily-equity-report-by-capitalparamount
1356,5,for immediate release contact,For-Immediate-Release-Contact---HALLIBURTON-CO---7-30-2013
1357,5,best time to offer your preschooler new foods,The-Best-Time-to-Offer-Your-Preschooler-New-Foods
1358,5,royal caribbean recommendation,Royal-Caribbean-recommendation
1359,5,balance sheet,Balance-Sheet-Template
1360,5,license agreement senetek plc,License-Agreement---SENETEK-PLC-
1361,5,convertible subordinated promissory note,Convertible-Subordinated-Promissory-Note---ASI-LIQUIDATING-CORP---8-19-2003
1362,5,immediate release,"Immediate-Release--Edmonton,-Alberta---TITAN-TRADING-ANALYTICS-INC---11-4-2009"
1363,5,consumer credit application,CONSUMER-CREDIT-APPLICATION
1364,5,simple contract,Simple-Contract
1365,5,certification of interim filings,Certification-Of-Interim-Filings---Full-Certificate---NOVAGOLD-RESOURCES-INC---4-13-2010
1366,5,material change report under,Material-Change-Report-Under---CARDIOME-PHARMA-CORP---9-14-2004
1367,5,ppt template diagram,Free-PPT-Template-Diagram-066
